projection_dim,mean_enrollment_aware_accuracy_mean,mean_enrollment_aware_accuracy_std,mean_enrollment_aware_accuracy_best,mean_enrollment_aware_accuracy_worst,mean_enrollment_aware_macro_f1_mean,mean_enrollment_aware_macro_f1_std,mean_enrollment_aware_macro_f1_best,mean_enrollment_aware_macro_f1_worst,mean_enrollment_aware_eer_mean,mean_enrollment_aware_eer_std,mean_enrollment_aware_eer_best,mean_enrollment_aware_eer_worst,mean_runtime_seconds_mean,mean_runtime_seconds_std,mean_runtime_seconds_best,mean_runtime_seconds_worst
100,0.4115829944640799,0.18961745443006855,0.5693953559077262,0.09614069091323674,0.30601943807065646,0.1734106439629479,0.46101048088720503,0.035478840030538666,0.5429084482955192,0.11758348712161901,0.447582943792042,0.7347033785581272,3.9475429746839734,0.16913131756493635,3.7063111464182534,4.23219092686971
200,0.497910411836988,0.22609847379439915,0.6913312811157982,0.09614069091323674,0.41305169280591075,0.22944454406250409,0.6228088128633527,0.0354789852169184,0.4804203245544027,0.1487159019950199,0.34851594268992514,0.7347033785581272,6.943245310253569,0.4363088566540053,6.385905186335246,7.917833646138509
500,0.5851397914845639,0.2600708439763567,0.818863299509748,0.09614069091323674,0.5209531826092322,0.27949389853131024,0.7856320104802158,0.0354789852169184,0.4020091463028414,0.1926744517521573,0.21420970622886026,0.7347128795652339,39.842168209287856,1.2857744152881656,38.20621999104818,42.519890467325844
