feature_setting_full,mean_enrollment_aware_accuracy_mean,mean_enrollment_aware_accuracy_std,mean_enrollment_aware_accuracy_best,mean_enrollment_aware_accuracy_worst,mean_enrollment_aware_macro_f1_mean,mean_enrollment_aware_macro_f1_std,mean_enrollment_aware_macro_f1_best,mean_enrollment_aware_macro_f1_worst,mean_enrollment_aware_eer_mean,mean_enrollment_aware_eer_std,mean_enrollment_aware_eer_best,mean_enrollment_aware_eer_worst,mean_runtime_seconds_mean,mean_runtime_seconds_std,mean_runtime_seconds_best,mean_runtime_seconds_worst
both_pqrst_resnet1d,0.6303639519122358,0.09903930461537733,0.7712822559191275,0.4905274959145669,0.5401465763134161,0.12828800400320256,0.7227303648787929,0.3656418101592643,0.387560014694891,0.08228146490018402,0.26313989282863987,0.4835347546839965,16.958225202560424,16.8131824711908,3.8427260716756186,40.92295257250468
embedding_resnet1d,0.6668630208135397,0.10138320914727567,0.818863299509748,0.5434956105347167,0.5893966026369959,0.13163973619271524,0.7856320104802158,0.43301921803696075,0.35940029643142174,0.09317660933184448,0.21420970622886026,0.4494451411849656,17.094509087668527,16.967671663848858,3.8554245630900064,42.519890467325844
fiducial_pqrst,0.19740622505985636,0.06802977752959212,0.2946547334017406,0.09614069091323674,0.11048113453538728,0.05550459405197931,0.19536940035659814,0.035478840030538666,0.6783776080264509,0.03831011164424585,0.6243396800060806,0.7347128795652339,16.680222203996447,16.76597478112361,3.7063111464182534,41.78321027755737
