rp_method_full,mean_enrollment_aware_accuracy_mean,mean_enrollment_aware_accuracy_std,mean_enrollment_aware_accuracy_best,mean_enrollment_aware_accuracy_worst,mean_enrollment_aware_macro_f1_mean,mean_enrollment_aware_macro_f1_std,mean_enrollment_aware_macro_f1_best,mean_enrollment_aware_macro_f1_worst,mean_enrollment_aware_eer_mean,mean_enrollment_aware_eer_std,mean_enrollment_aware_eer_best,mean_enrollment_aware_eer_worst,mean_runtime_seconds_mean,mean_runtime_seconds_std,mean_runtime_seconds_best,mean_runtime_seconds_worst
bernoulli_gaussian,0.5239182575575233,0.23730496381265298,0.818863299509748,0.17882795576331087,0.43904686814386107,0.2573080298291132,0.7856320104802158,0.08624335376527359,0.45690343176376697,0.17104282895412593,0.21420970622886026,0.6854596587238246,16.692535409220945,17.176421577072343,3.7063111464182534,41.33919278780619
gaussian,0.5201125763775404,0.2396784179708127,0.8177041766427241,0.1718827195682742,0.4352747132349401,0.25842354319877664,0.7850119972131692,0.08276112523185897,0.4593641926044161,0.17288856872712544,0.21496978679740053,0.6896876068863299,16.730725041142215,16.935839263391458,3.8791592121124268,39.60331424077352
sign,0.488281035567548,0.2345527529882885,0.7816953597081291,0.15542697525937746,0.4028973144388744,0.2435942911623842,0.7360196516420046,0.07526582471512892,0.47884759117799824,0.16718793521603334,0.25284080112491925,0.7122524987648692,16.69999020187943,17.18450893812427,3.744478066762289,40.92295257250468
sparse,0.5221426248960168,0.2380502863402862,0.8172956333371338,0.17562611636833503,0.43763777454384434,0.2575262002673928,0.7843598072614251,0.08417806876681146,0.4577226297098604,0.1715417194333162,0.2145042374491696,0.6871698400030404,16.619590547349716,17.059335408526056,3.7522149085998535,39.621928691864014
srht,0.4366008352440914,0.2592968935680732,0.6851556264964086,0.09614069091323674,0.3518505187814788,0.24452769774599922,0.610221517656997,0.035478840030538666,0.5227253533318976,0.1627063069721698,0.35207882035495763,0.7347128795652339,17.812086290783352,17.924356063478704,4.114129145940145,42.519890467325844
