controlled_rank_by_accuracy,feature_setting_full,feature_alias,rp_method_full,rp_alias,rp_method_display,projection_dim,mean_enrollment_aware_accuracy,std_enrollment_aware_accuracy,mean_enrollment_aware_macro_f1,std_enrollment_aware_macro_f1,mean_enrollment_aware_eer,std_enrollment_aware_eer,mean_runtime_seconds,std_runtime_seconds,num_seeds
1,embedding_resnet1d,emb,bernoulli_gaussian,bg,Bernoulli-Gaussian RP,500,0.818863299509748,0.0008026523680497115,0.7856320104802158,0.001295565724351095,0.21420970622886026,0.0005843698671638303,41.33919278780619,4.177451082571226,3
2,embedding_resnet1d,emb,gaussian,gauss,Gaussian RP,500,0.8177041766427241,3.2912454063984375e-05,0.7850119972131692,0.0008714393369001121,0.21496978679740053,0.0005614444078096135,38.5216289361318,0.5520713033592216,3
3,embedding_resnet1d,emb,sparse,sparse,Sparse RP,500,0.8172956333371338,0.001086484924897141,0.7843598072614251,0.0013247090982202551,0.2145042374491696,0.0002158213942081835,39.621928691864014,1.439745500719766,3
4,embedding_resnet1d,emb,sign,sign,Sign RP,500,0.7816953597081291,0.0018943254644069039,0.7360196516420046,0.0029474026426902296,0.25284080112491925,0.0013964541331271216,38.87605126698812,0.8418445037622007,3
5,embedding_resnet1d,emb,srht,srht,SRHT,500,0.6139550792383993,0.003482854609693843,0.5224904765531218,0.0007129736839509109,0.4150704974727321,0.0035570963621965527,42.519890467325844,3.138747884491794,3
