rp_method_full,rp_alias,normalized_reconstruction_error_mean,reconstruction_snr_db_mean,reconstruction_cosine_mean,unlinkability_dsys_mean,revocability_pseudo_impostor_eer_mean,revocability_score_mean,same_sample_cosine_mean,different_subject_cosine_mean,num_settings
sign,sign,2.4025890497253264,-2.374256004161765,0.7772753647080175,0.06494386583051169,0.5062229362287529,0.9535670063327044,-0.003261270130881005,-0.0001930300288761457,9
sparse,sparse,0.061219657683294265,94.35567198040891,0.9665988330487851,0.11626405585684502,0.5106100754938802,0.9160026713692615,-0.0034418749920506445,3.6318990910162775e-05,9
gaussian,gauss,0.06213799665998701,94.33818535785896,0.9659671761371471,0.1305290235889243,0.49694649362267007,0.9087436049738352,0.0033930231584236026,-3.682136576167572e-05,9
bernoulli_gaussian,bg,0.06227302084550844,94.33205909879807,0.966057589760533,0.15159324026897403,0.4994516717088248,0.8915130680634932,0.0012337592240698914,-8.850010218103072e-05,9
srht,srht,0.07727553515031382,70.62393603593412,0.95777929270709,0.15369585265006436,0.48764286542310525,0.8907169918166234,0.005015154239825076,0.00015289510553918292,9
